96698038, http://globalnews.ca/news/2583836/hundreds-of-truckers-come-out-in-support-of-lng-in-fort-st-john/
3240252491, https://amp.twimg.com/v/70a30e16-f829-47f2-a2d6-6cc083eb8d91
1017708404, https://www.instagram.com/p/BDH3yjELj_X/
607436318, https://www.youtube.com/watch?v=9Zgl8ogz4JA&feature=youtu.be
886115910, http://www.abc.net.au/news/2016-03-19/flydubai-boeing-737-passenger-jet-crashes-russia/7260552
2834990506, https://www.instagram.com/p/BDH0ouGMDmU/
346025367, https://twitter.com/UCSEnergy/status/603983905729937409
2695883010, http://www.sherif.ws/main2.php?link=http://rover.ebay.com/rover/1/711-53200-19255-0/1%3Fff3%3D2%26toolid%3D10039%26campid%3D5337535881%26customid%3Dtwitter%26item%3D222037129053%26vectorid%3D229466%26lgeo%3D1&image=http://thumbs2.ebaystatic.com/m/mkdz0_c2JoKV8xJ0Akca_3Q/140.jpg
16931643, http://www.getmedicalsecretaryjobs.com/certified-medical-assistant-lancaster-pennsylvania-79018947.htm?utm_source=twitter&utm_medium=twitter&utm_campaign=twitter
3298656533, https://vine.co/v/idiPmrtgrpv
3043957319, http://united-kingdom-guide.info/ge/dk/-w/?query=361514485563
119732550, http://www.tamilhdserial.com/?p=26307
2491199766, https://independentaustralia.net/life/life-display/why-we-need-the-safe-schools-program-a-victims-story,8792#.VuzkSjIVn4Y.twitter
3063158319, http://canada-ca.info/dc/cn/-w/?query=322044746370
